population,n_responders,n_non_responders,mean_responders,mean_non_responders,mann_whitney_u,p_value,significant_p<0.05
b_cell,993,975,9.7976,9.9963,459968.0,0.05567186466219834,False
cd8_t_cell,993,975,24.8819,24.9439,478175.5,0.6390575277665635,False
cd4_t_cell,993,975,30.5378,29.9023,515277.5,0.01333977320368344,True
nk_cell,993,975,14.8409,15.0732,464546.5,0.12106031279217618,False
monocyte,993,975,19.9418,20.0843,466509.0,0.1631261907294167,False
